dep_act,2012,2013,2014,2015,2016,2017,2018,2019,2020
 Ensemble,40 483,40 739,41 217,41 286,41 581,41 978,42 049,42 143,42 843
000 -COM ou Etranger,1,1,1,1,1,0,0,0,1
001 -Ain,337,329,329,338,332,348,341,345,343
002 -Aisne,222,223,226,223,226,228,222,221,221
003 -Allier,193,197,194,189,189,182,181,173,178
004 -Alpes-de-Haute-Provence,109,111,116,116,113,108,107,100,100
005 -Hautes-Alpes,101,105,99,97,92,91,95,92,97
006 -Alpes-Maritimes,1 212,1 210,1 224,1 204,1 198,1 213,1 233,1 239,1 256
007 -Ardèche,160,157,167,167,166,165,165,171,167
008 -Ardennes,135,133,136,132,136,133,130,126,124
009 -Ariège,91,92,87,91,91,90,94,97,91
010 -Aube,152,150,157,159,164,166,159,158,158
011 -Aude,218,215,224,226,226,224,226,227,231
012 -Aveyron,174,172,172,172,170,171,170,166,162
013 -Bouches-du-Rhône,1 687,1 703,1 693,1 718,1 719,1 768,1 778,1 778,1 816
014 -Calvados,317,302,310,302,318,323,320,322,324
015 -Cantal,81,77,81,77,78,76,76,75,74
016 -Charente,184,181,179,175,178,183,178,183,178
017 -Charente-Maritime,362,369,371,370,375,376,375,388,386
018 -Cher,144,144,151,150,155,147,146,143,139
019 -Corrèze,139,137,140,140,134,136,135,135,135
021 -Côte-d’Or,289,297,297,296,291,288,284,270,275
022 -Côtes-d’Armor,346,353,355,349,348,355,347,343,350
023 -Creuse,46,42,44,42,44,40,41,46,46
024 -Dordogne,209,203,211,208,209,209,206,206,205
025 -Doubs,276,277,293,283,288,284,298,288,296
026 -Drôme,314,320,319,318,307,318,322,314,315
027 -Eure,223,223,227,219,214,211,204,216,222
028 -Eure-et-Loir,173,174,188,188,182,175,169,171,181
029 -Finistère,572,585,578,572,574,572,565,570,578
02A -Corse-du-Sud,120,118,124,132,131,135,133,134,137
02B -Haute-Corse,111,110,114,115,116,115,113,112,117
030 -Gard,501,509,516,515,516,527,535,528,537
031 -Haute-Garonne,1 122,1 139,1 144,1 167,1 188,1 208,1 204,1 235,1 252
032 -Gers,115,109,116,123,121,123,125,121,123
033 -Gironde,1 114,1 130,1 134,1 144,1 157,1 182,1 198,1 198,1 251
034 -Hérault,883,898,915,936,978,991,983,998,1 008
035 -Ille-et-Vilaine,630,671,670,662,668,674,686,683,704
036 -Indre,97,96,96,91,89,87,84,83,81
037 -Indre-et-Loire,307,298,302,296,302,304,302,301,306
038 -Isère,751,742,745,754,782,773,753,732,740
039 -Jura,135,133,135,138,137,143,137,126,134
040 -Landes,247,243,245,248,250,237,256,260,278
041 -Loir-et-Cher,142,139,145,146,151,154,148,146,145
042 -Loire,407,412,413,412,416,422,411,413,433
043 -Haute-Loire,111,108,104,104,107,108,110,119,112
044 -Loire-Atlantique,843,872,890,907,914,923,927,932,943
045 -Loiret,296,285,290,286,279,279,277,281,287
046 -Lot,99,102,102,103,105,103,100,100,100
047 -Lot-et-Garonne,192,185,195,193,188,181,172,172,166
048 -Lozère,35,40,36,33,37,40,37,39,37
049 -Maine-et-Loire,385,393,392,391,391,389,394,379,383
050 -Manche,186,188,187,182,189,186,182,177,183
051 -Marne,346,358,358,378,369,366,362,371,378
052 -Haute-Marne,81,82,81,85,84,78,73,67,66
053 -Mayenne,123,126,131,120,123,125,117,114,112
054 -Meurthe-et-Moselle,514,506,511,520,532,524,533,519,519
055 -Meuse,81,82,88,89,89,84,86,87,79
056 -Morbihan,452,447,453,462,453,462,458,449,454
057 -Moselle,647,649,645,634,635,650,645,649,669
058 -Nièvre,107,105,104,104,101,110,110,102,101
059 -Nord,1 345,1 361,1 398,1 427,1 430,1 422,1 403,1 433,1 500
060 -Oise,327,329,339,336,348,343,338,333,339
061 -Orne,110,108,115,107,108,109,110,104,110
062 -Nord-Pas-de-Calais,641,637,651,651,656,680,688,676,665
063 -Puy-de-Dôme,513,510,510,521,506,507,509,493,502
064 -Pyrénées-Atlantiques,595,603,599,584,582,586,585,582,595
065 -Hautes-Pyrénées,163,164,166,158,162,168,162,157,162
066 -Pyrénées-Orientales,299,310,322,320,327,325,329,333,337
067 -Bas-Rhin,928,938,955,958,978,970,969,973,1 017
068 -Haut-Rhin,472,480,482,482,491,492,493,496,483
069 -Rhône,1 238,1 251,1 282,1 267,1 288,1 310,1 326,1 355,1 390
070 -Haute-Saône,91,91,92,95,95,95,94,91,86
071 -Saône-et-Loire,264,263,262,260,269,272,271,258,270
072 -Sarthe,228,236,228,230,230,233,232,228,229
073 -Savoie,274,275,286,283,282,286,296,293,285
074 -Haute-Savoie,535,543,546,545,565,582,588,586,597
075 -Paris,3 060,3 081,3 068,3 071,3 064,3 075,3 064,3 099,3 146
076 -Seine-Maritime,494,497,512,505,518,519,525,532,567
077 -Seine-et-Marne,608,617,626,619,611,619,625,638,635
078 -Yvelines,866,859,879,858,861,860,842,808,818
079 -Deux-Sèvres,138,144,154,160,153,151,153,146,152
080 -Somme,196,195,187,188,176,179,188,183,184
081 -Tarn,219,223,234,234,237,234,236,241,239
082 -Tarn-et-Garonne,129,128,137,133,139,143,142,138,139
083 -Var,801,815,809,800,793,802,796,816,825
084 -Vaucluse,417,421,411,423,416,408,411,397,389
085 -Vendée,326,334,340,348,355,364,354,371,368
086 -Vienne,176,184,182,187,192,197,199,195,189
087 -Haute-Vienne,179,180,180,187,185,181,188,185,178
088 -Vosges,201,192,200,197,200,208,201,197,196
089 -Yonne,127,136,135,128,132,125,125,120,122
090 -Territoire de Belfort,81,81,80,75,76,81,77,75,79
091 -Essonne,651,637,642,633,648,633,637,647,664
092 -Hauts-de-Seine,1 208,1 213,1 248,1 274,1 268,1 326,1 374,1 416,1 412
093 -Seine-Saint-Denis,736,711,734,764,804,791,818,825,847
094 -Val-de-Marne,846,842,853,869,863,904,929,937,965
095 -Val-d’Oise,568,567,575,560,574,596,589,603,637
971 -Guadeloupe,145,158,163,171,175,179,181,184,189
972 - Martinique,158,154,164,163,174,183,199,213,229
973 -Guyane,53,56,65,70,73,78,81,77,86
974 -La Réunion,422,449,446,445,451,484,492,507,518
976 -Mayotte,8,9,10,8,10,15,12,12,19
"Champ :  France entiÃ¨re, Source : ASIP-Sante RPPS - traitements Drees - donnees au 1er janvier de l'annÃ©e ","","","","","","","","",""
TRUE,TRUE,TRUE,TRUE,TRUE,TRUE,TRUE,TRUE,TRUE,TRUE
